TargetVariable,Variable1,Variable2,Variable3,Variable4,Variable5,Variable6,Variable7,Variable8,Variable9
1,2.357542289,29,2, 10.50 ,green,4.606325857,0,square,0
1,2.000362162,50,2, 10.50 ,green,10.82492092,0,round,0
0,2.000029226,34,3, 69.55 ,green,5.861325248,8,square,2
1,2.020182775,50,2, 10.50 ,green,10.89644385,0,triangle,0
0,2.952665154,45,1, 35.50 ,blue,9.15967923,0,triangle,0
0,2.01171319,34,3, 8.05 ,blue,3.975928329,0,round,0
0,2.845504178,11,3, 46.90 ,blue,11.62533189,5,triangle,2
1,2.099990853,21,3, 7.65 ,green,2.720851368,0,triangle,0
1,2.003191274,45,3, 8.05 ,blue,9.746506519,0,square,0
1,2.814514235,26,3, 56.50 ,blue,4.643841295,0,round,0
1,2.000001497,22,3, 7.78 ,green,4.708692425,0,triangle,0
0,2.895976469,22,3, 8.05 ,blue,8.652638554,0,triangle,0
0,2.772300734,2,3, 31.28 ,green,11.15929098,4,triangle,2
0,2.539473242,17,3, 7.13 ,blue,3.849247203,0,square,0
0,2.048450888,50,1, 55.90 ,blue,7.359064359,1,triangle,0
1,2.000464945,40,1, 134.50 ,green,9.550998336,1,square,1
0,2.022573278,34,3, 7.23 ,blue,11.95588988,0,triangle,0
0,2.198565402,40,3, 27.90 ,blue,7.54604915,1,square,4
1,2.716854603,34,1, 51.86 ,green,5.064467033,1,triangle,0
0,2.73157568,22,3, 9.84 ,green,7.279236555,0,square,0
0,2.070234547,47,3, 14.50 ,green,1.330906139,1,round,0
0,2.045814746,22,3, 7.80 ,blue,7.832439607,0,triangle,0
1,2.642010933,34,3, 7.75 ,green,5.653655887,0,triangle,0
0,2.159618274,34,3, 8.46 ,blue,11.85965163,0,square,0
1,2.038813816,16,3, 7.73 ,green,10.7140698,0,round,0
1,2.548325979,25,1, 55.44 ,blue,9.032598073,1,square,0
0,2.820838604,34,3, 7.83 ,blue,6.389003017,0,triangle,0
1,2.068617181,36,2, 13.00 ,green,3.453042993,0,square,0
0,2.047531661,50,1, 28.71 ,green,7.015513564,0,triangle,0
0,2.06971221,34,1, 27.72 ,blue,3.561177824,0,round,0
1,2.387018074,38,1, 90.00 ,blue,7.747883574,1,triangle,0
1,2.732067847,22,3, 7.75 ,green,5.509375237,0,triangle,0
0,2.03285455,22,3, 9.35 ,blue,0.358487559,0,round,0
1,2.051995795,5,3, 31.39 ,green,3.635687283,4,triangle,2
0,2.121131725,18,3, 6.50 ,blue,4.984807806,1,triangle,0
0,2.000010976,16,3, 34.38 ,blue,6.9710579,1,square,3
1,2.811544491,4,3, 16.70 ,green,0.498907681,1,round,1
0,2.148394093,29,3, 21.08 ,green,11.1810911,0,round,4
1,2.002011125,22,1, 55.00 ,green,6.345117652,0,round,1
0,2.000000001,33,3, 8.65 ,blue,6.541404373,0,round,0
0,2.032864269,28,3, 14.40 ,green,1.415158319,1,square,1
0,2.00063311,66,2, 10.50 ,blue,2.571741495,0,square,0
0,2.936070089,9,3, 31.28 ,green,8.891823474,4,square,2
0,2.616247465,34,3, 7.55 ,green,3.434089101,0,square,0
0,2.116575993,34,3, 8.05 ,green,8.584868046,0,triangle,0
0,2.167096668,19,2, 36.75 ,blue,9.524152803,1,round,1
0,2.014137443,34,3, 7.90 ,blue,6.668450792,0,round,0
0,2.645866772,35,3, 7.13 ,blue,1.821341136,0,triangle,0
1,2.001973957,36,1, 120.00 ,blue,4.109558604,1,triangle,2
0,2.139556421,34,3, 24.15 ,blue,10.38685904,0,triangle,0
1,2.020293867,34,3, 22.36 ,green,3.498269903,0,square,2
0,2.060140766,34,3, 7.90 ,blue,3.201683015,0,square,0
0,2.311262535,61,3, 6.24 ,blue,4.355498049,0,triangle,0
0,2.012606569,34,2, -   ,blue,1.95618742,0,triangle,0
0,2.008377727,34,3, 7.75 ,green,10.62558817,0,triangle,0
0,2.677155828,22,3, 7.25 ,blue,8.768087473,0,triangle,0
0,2.125467637,34,1, 221.78 ,blue,8.685704785,0,triangle,0
0,2.184258077,34,3, 6.86 ,blue,9.198346614,0,square,0
0,2.629387426,43,2, 26.25 ,blue,7.431479706,1,square,1
0,2.803942421,18,2, 73.50 ,blue,2.983738159,0,round,0
0,2.009699631,36,3, 24.15 ,blue,7.14407894,1,round,1
0,2.025856161,2,3, 10.46 ,green,2.872268943,0,square,1
1,2.020746771,22,3, 7.75 ,green,7.258856182,0,triangle,0
0,2.028460184,34,3, 8.05 ,green,6.504398809,0,round,0
0,2.735944463,34,3, 8.05 ,blue,3.695705398,0,round,0
0,2.323631887,34,3, 8.05 ,blue,11.57937595,0,square,0
0,2.018501351,16,3, 39.69 ,blue,5.935400553,4,round,1
0,2.854300888,18,3, 18.00 ,green,11.90229011,2,round,0
0,2.063551048,20,3, 7.85 ,blue,1.37979027,0,square,0
0,2.103387212,19,3, 8.16 ,blue,8.590072777,0,square,0
0,2.956659402,34,3, 7.75 ,blue,0.456403201,0,triangle,0
1,2.114931034,3,2, 41.58 ,green,6.242128464,1,round,2
1,2.017522833,35,1, 52.00 ,green,2.788353467,1,square,0
0,2.122857893,30,2, 13.00 ,blue,7.748397452,0,triangle,0
0,2.020233957,33,2, 12.28 ,blue,7.814680987,0,square,0
0,2.075462031,4,3, 29.13 ,blue,2.149929091,4,square,1
0,2.007183156,34,3, 8.05 ,blue,10.97867884,0,square,0
0,2.081632711,34,3, 7.75 ,blue,5.7965124,0,round,0
0,2.127098939,54,2, 14.00 ,blue,8.582077186,0,triangle,0
1,2.074183057,63,1, 77.96 ,green,7.242132282,1,round,0
0,2.003772007,26,3, 8.66 ,blue,8.705792998,2,square,0
0,2.13460022,37,3, 7.93 ,blue,11.93566927,2,round,0
1,2.43069827,39,3, 7.93 ,blue,6.811057349,0,square,0
1,2.167647835,19,2, 26.00 ,green,1.831344004,1,square,0
0,2.033019906,45,3, 7.75 ,green,11.42218303,0,round,0
1,2.020418338,28,2, 13.00 ,green,8.558975938,0,square,0
1,2.215659623,33,2, 26.00 ,green,2.142707389,0,round,2
0,2.00385843,21,2, 73.50 ,blue,10.03597774,0,triangle,0
0,2.000304778,34,3, 7.75 ,blue,2.463381241,1,triangle,0
0,2.000206042,36.5,2, 26.00 ,blue,11.94164664,0,square,2
1,2.083449797,36,1, 26.39 ,blue,2.724514698,0,round,0
0,2.007728912,25,3, 7.78 ,green,5.353204564,0,round,0
1,2.009704081,54,1, 59.40 ,green,0.638580734,1,square,0
0,2.551285278,28,3, 22.53 ,blue,7.731424598,0,triangle,0
0,2.039964586,34,1, 35.00 ,blue,5.779901951,0,round,0
0,2.692493713,11,3, 31.28 ,green,4.345097668,4,round,2
0,2.000000139,22,3, 7.90 ,blue,1.757121865,0,square,0
1,2.160640949,8,2, 26.25 ,green,10.32729314,0,triangle,2
1,2.011436442,32,3, 7.93 ,blue,1.538434093,0,triangle,0
0,2.172318823,34,1, 50.00 ,blue,0.232384268,0,round,0
0,2.029813762,59,3, 7.25 ,blue,9.831357071,0,triangle,0
0,2.076100081,55.5,3, 8.05 ,blue,9.75820341,0,square,0
1,2.615374419,28,2, 26.00 ,green,11.90520071,1,triangle,0
1,2.459809634,62,2, 10.50 ,blue,3.542425807,0,triangle,0
1,2.255745334,36,3, 17.40 ,green,11.24894731,1,square,0
1,2.000275846,34,3, 22.36 ,green,11.50983767,1,square,1
0,2.375670174,42,3, 8.66 ,blue,8.59501782,0,triangle,0
0,2.001122654,19,2, 13.00 ,blue,7.145653199,0,square,0
1,2.330146543,19,1, 91.08 ,green,0.045560459,1,triangle,0
1,2.007943755,32,1, 76.29 ,green,4.258751149,0,round,0
0,2.896034108,28,3, 7.90 ,blue,5.573735261,0,square,0
0,2.567626029,9,3, 46.90 ,blue,11.82844588,5,square,2
1,2.002304718,31,1, 164.87 ,green,1.797575638,0,round,2
0,2.341424749,16,3, 18.00 ,blue,6.274145264,2,square,0
0,2.158417528,20,3, 7.05 ,blue,4.239873291,0,square,0
0,2.001865532,7,3, 29.13 ,blue,0.311456026,4,triangle,1
1,2.135178526,25,2, 30.00 ,green,4.107297198,1,triangle,1
1,2.096602197,27,3, 7.80 ,blue,7.559359219,0,square,0
0,2.099580984,34,3, 69.55 ,blue,1.348925552,8,round,2
0,2.000043363,2,3, 29.13 ,blue,9.695582166,4,round,1
1,2.220296734,34,3, 15.50 ,green,7.243117902,1,square,0
1,2.671069548,34,2, 10.50 ,green,5.928062714,0,round,0
1,2.049139097,33,2, 27.75 ,green,5.681070347,1,triangle,2
0,2.398396659,19,3, 8.05 ,blue,9.878976143,0,round,0
1,2.016730363,8,2, 36.75 ,blue,2.88166921,1,square,1
0,2.554281857,34,2, -   ,blue,11.22521274,0,square,0
1,2.411835337,14,2, 30.07 ,green,3.32460448,1,triangle,0
1,2.009056933,24,1, 83.16 ,green,4.522912052,0,square,0
0,2.024310069,34,3, 21.68 ,blue,4.298038722,2,triangle,0
0,2.667895955,28,3, 9.50 ,blue,6.452170047,0,round,0
0,2.053918952,45,1, 26.55 ,blue,1.201712506,0,round,0
1,2.020062472,19,2, 26.00 ,green,5.638029093,0,triangle,0
0,2.02086601,39,3, 31.28 ,blue,2.753357222,1,square,5
0,2.080373218,28.5,3, 7.23 ,blue,1.453980895,0,square,0
0,2.188172579,34,3, 7.75 ,blue,1.201590167,0,square,0
0,2.499963336,44,1, 90.00 ,blue,2.388613281,2,triangle,0
0,2.171360089,54,1, 77.29 ,blue,8.002316556,0,triangle,1
0,2.481356855,28,2, 13.00 ,blue,1.346256736,0,triangle,0
0,2.522306852,27,1, 211.50 ,blue,0.639740355,0,triangle,2
0,2.357050914,40,1, -   ,blue,11.68606285,0,round,0
0,2.640167726,19,3, -   ,blue,7.048597892,0,square,0
1,2.009806717,32,2, 13.00 ,green,6.980330574,0,square,0
0,2.972668344,18,3, 7.85 ,blue,7.226511247,1,round,1
1,2.063508545,16,3, 8.05 ,blue,4.888593729,0,triangle,0
1,2.198372998,26,3, 18.79 ,blue,10.66960881,0,square,0
0,2.003231466,30,3, 8.05 ,blue,10.01400773,0,triangle,0
0,2.492850584,45.5,3, 7.23 ,blue,11.92520639,0,triangle,0
1,2.007327834,35,2, 21.00 ,green,3.470672344,0,triangle,0
0,2.439213951,41,3, 20.21 ,green,10.9296197,0,square,2
0,2.857456509,34,3, 7.23 ,blue,10.68803089,0,square,0
1,2.341752706,34,1, 82.17 ,green,1.877694975,1,triangle,0
0,2.001983208,34,2, 21.00 ,blue,5.840856736,1,triangle,0
0,2.413175043,34,3, 25.47 ,green,5.893388905,3,triangle,1
1,2.076368465,22,1, 66.60 ,green,7.478272478,1,round,0
0,2.025840627,21,3, 7.75 ,green,1.950812504,0,triangle,0
0,2.047353291,21,3, 7.93 ,blue,9.536682774,0,square,0
0,2.176861145,25,3, 7.65 ,blue,2.610357541,0,square,0
1,2.056354689,42,2, 13.00 ,blue,4.781668071,0,triangle,0
0,2.006718059,23,2, 15.05 ,blue,4.008363354,0,triangle,0
1,2.857543442,1,3, 15.74 ,green,10.33098748,0,round,2
0,2.001945979,40,3, 15.50 ,blue,4.750913727,1,square,1
0,2.748202525,34,3, 7.25 ,blue,4.440669368,0,round,0
1,2.030101745,30,1, 56.93 ,green,3.955925932,0,square,0
0,2.034681662,22,3, 9.00 ,blue,4.942151889,0,square,0
0,2.646926023,31,2, 10.50 ,blue,1.598267091,0,round,0
0,2.014044993,27,2, 26.00 ,blue,11.24170432,0,square,0
1,2.030022001,34,3, 7.23 ,blue,0.451340746,0,square,0
1,2.72704941,17,1, 108.90 ,green,10.61573537,1,round,0
1,2.019462034,17,1, 110.88 ,blue,5.800878418,0,square,2
1,2.027447447,34,1, 35.50 ,blue,4.559942787,0,square,0
1,2.013694244,50,2, 26.00 ,green,9.900454378,0,square,1
0,2.684613318,34,2, -   ,blue,1.914666902,0,square,0
1,2.148596429,19,3, 7.85 ,green,7.381669494,1,round,0
0,2.315121965,25,2, 13.00 ,blue,3.618502983,0,round,0
1,2.196580077,34,3, 7.75 ,green,6.029822007,0,triangle,0
1,2.015195558,36,1, 71.00 ,green,3.467905029,0,square,2
0,2.551476623,34,3, 15.50 ,blue,3.505745015,1,square,0
1,2.011991845,30,1, 106.43 ,green,9.206639015,0,square,0
1,2.050558956,39,1, 79.65 ,green,8.778674892,1,triangle,1
1,2.000000477,19,1, 26.28 ,green,0.558937644,0,round,2
0,2.004716054,36,1, 40.13 ,blue,10.16354337,0,round,0
0,2.162950527,28,3, 7.90 ,blue,9.428710536,0,round,0
1,2.542732207,34,3, 7.75 ,green,0.176517328,0,triangle,0
1,2.353592982,34,3, 15.50 ,green,0.310022576,1,square,0
0,2.599317124,38,3, 7.90 ,blue,9.658702244,0,square,0
0,2.233748706,14,3, 7.85 ,green,9.725804667,0,square,0
1,2.000442905,60,1, 79.20 ,blue,4.972729661,1,round,1
0,2.278614467,30,2, 13.00 ,blue,8.90932477,0,square,0
0,2.000324037,29,2, 27.72 ,blue,7.917075901,1,square,0
0,2.083251739,65,1, 26.55 ,blue,9.613087362,0,square,0
1,2.205598763,52,1, 30.50 ,blue,2.793873091,0,round,0
0,2.263899229,33,3, 8.66 ,blue,2.067745519,0,triangle,0
1,2.037326256,14,1, 120.00 ,green,1.475479307,1,round,2
0,2.40951801,34,3, 7.90 ,blue,4.923530508,0,round,0
1,2.998427307,26,1, 78.85 ,green,2.069512074,0,triangle,0
0,2.000045657,22,1, 135.63 ,blue,0.604898194,0,square,0
0,2.017340104,36,3, 7.90 ,blue,3.707586257,0,triangle,0
0,2.542760437,15,3, 7.23 ,blue,3.860964528,1,square,1
0,2.061908608,36,2, 13.00 ,blue,7.397970013,0,round,0
1,2.003042824,42,2, 26.00 ,green,2.635819966,1,triangle,0
1,2.562150787,44,3, 7.93 ,blue,4.492608555,0,square,0
0,2.131091394,34,3, 8.05 ,blue,1.990845939,0,triangle,0
1,2.20715406,1,3, 11.13 ,green,7.474247712,1,round,1
0,2.816069552,16,3, 8.05 ,blue,4.470352283,0,triangle,0
0,2.148694944,24,3, 8.05 ,blue,4.287144657,0,triangle,0
1,2.034487635,1,2, 39.00 ,blue,5.698924732,2,round,1
1,2.838742218,36,1, 135.63 ,green,2.254267155,0,square,0
0,2.142487513,20,3, 9.83 ,green,11.05689341,1,square,0
1,2.3738025,44,1, 27.72 ,green,10.69139836,0,round,0
0,2.032029971,16,3, 9.22 ,blue,5.319014772,0,square,0
0,2.001601591,14.5,3, 14.45 ,green,10.08636861,1,round,0
1,2.032649177,9,3, 15.90 ,blue,11.95110511,1,square,1
0,2.000730051,18,1, 108.90 ,blue,11.79774501,1,round,0
1,2.778358331,26,3, 7.85 ,green,8.518321468,0,round,0
0,2.005774899,34,3, 25.47 ,green,11.53837843,3,triangle,1
0,2.027232566,46,1, 61.18 ,blue,9.211713865,1,triangle,0
1,2.07433544,14,3, 11.24 ,green,10.92946062,1,square,0
0,2.25170621,28,2, 13.50 ,blue,8.462796695,0,square,0
0,2.106855446,22,3, 8.05 ,blue,9.709312544,0,round,0
1,2.001148933,0.75,3, 19.26 ,green,2.326257829,2,round,1
0,2.528069621,49,3, -   ,blue,9.081820908,0,round,0
1,2.194316352,60,1, 75.25 ,green,5.062818795,1,square,0
1,2.209177088,34,1, 26.55 ,blue,4.311756809,0,round,0
0,2.257847584,21,3, 8.05 ,blue,11.60521966,0,triangle,0
1,2.532322157,34,3, 23.25 ,blue,2.416681929,2,round,0
0,2.977432084,28,3, 56.50 ,blue,7.049930139,0,square,0
0,2.27327106,28,3, 7.90 ,green,3.467361849,0,round,0
1,2.00459872,30,1, 86.50 ,green,0.184563453,0,square,0
1,2.140636783,34,3, 7.75 ,green,3.242773042,0,square,0
0,2.243658297,19,3, 14.50 ,blue,10.931454,0,square,0
1,2.024332577,19,2, 10.50 ,blue,11.22373192,0,round,0
1,2.235629353,35,1, 135.63 ,green,4.254086752,0,triangle,0
0,2.003548373,65,1, 61.98 ,blue,8.797269658,0,round,1
0,2.000886395,28,3, 7.85 ,blue,11.91828875,0,square,0
1,2.010601812,15,3, 8.03 ,green,9.369657114,0,triangle,0
0,2.000550042,24,2, 13.00 ,green,8.727301831,0,round,0
0,2.006186563,27,2, 13.00 ,blue,4.80833381,0,square,0
0,2.261925742,38,3, 8.66 ,blue,10.67330118,0,square,0
1,2.817963135,58,1, 153.46 ,green,7.951486885,0,square,1
0,2.000366187,32,3, 7.90 ,blue,8.525529199,0,triangle,0
1,2.047790429,34,3, 7.78 ,blue,0.441770954,0,round,0
0,2.000468498,38,3, 7.05 ,blue,10.04736559,0,square,0
0,2.140316808,34,3, 7.90 ,blue,11.32129925,0,triangle,0
0,2.000001066,35,2, 26.00 ,blue,1.228631786,0,square,0
0,2.846711156,29,3, 7.88 ,blue,3.49692556,0,triangle,0
0,2.337571542,47,1, 34.02 ,blue,0.828118775,0,triangle,0
0,2.818186631,37,2, 26.00 ,blue,10.03837608,1,square,0
1,2.435739176,42,1, 227.53 ,green,9.452272097,0,triangle,0
0,2.863465087,34,3, 7.90 ,blue,10.58307483,0,round,0
1,2.402365264,2,2, 26.00 ,blue,0.5415343,1,round,1
0,2.127625208,19,2, 10.50 ,blue,1.74204852,0,triangle,0
0,2.50884856,21,3, 7.25 ,blue,10.2031156,0,triangle,0
1,2.160059676,41,2, 19.50 ,green,0.464518071,0,square,1
0,2.254257863,34,3, 7.73 ,blue,1.14577438,0,square,0
0,2.704842089,21,3, 7.78 ,blue,5.926251211,0,round,0
0,2.022912196,44,2, 26.00 ,blue,6.636221208,1,triangle,0
0,2.900896452,18,3, 20.21 ,blue,1.173423793,1,triangle,1
0,2.141684198,51,3, 8.05 ,blue,5.077007949,0,round,0
1,2.952442622,48,1, 26.55 ,blue,6.276554152,0,triangle,0
1,2.002431083,34,2, 33.00 ,green,10.60544717,0,triangle,0
0,2.953538434,39,3, 7.93 ,blue,5.938924595,0,round,0
1,2.063644904,48,1, 39.60 ,green,7.969816267,1,square,0
0,2.185550952,34,3, 7.90 ,blue,4.347311417,0,round,0
0,2.009118746,23.5,3, 7.23 ,blue,3.904284177,0,square,0
1,2.188174472,28,1, 35.50 ,blue,1.16235228,0,round,0
0,2.630654463,33,3, 20.53 ,blue,0.945936584,1,round,1
1,2.070476544,28,1, 26.55 ,blue,1.454858611,0,square,0
1,2.582549441,38,1, 71.28 ,green,3.323913793,1,square,0
0,2.498774033,31,3, 18.00 ,green,11.65662288,1,square,0
1,2.036273468,24,2, 26.00 ,green,8.652211114,1,triangle,0
1,2.001938588,18,3, 8.05 ,blue,3.403788168,0,square,0
0,2.040578594,34,2, 21.00 ,blue,7.485664746,1,triangle,0
0,2.729550626,56,1, 30.70 ,blue,3.536507619,0,triangle,0
0,2.000276376,24,1, 79.20 ,blue,3.740704026,0,triangle,0
0,2.276632594,24,2, 10.50 ,blue,7.67405682,0,square,0
0,2.007040742,34,3, 7.75 ,blue,1.524673122,0,square,0
1,2.883465411,27,3, 7.93 ,green,10.14217397,0,round,0
0,2.017633884,34,3, 8.05 ,blue,5.031853105,0,round,0
0,2.017249027,34,3, 25.47 ,blue,10.05316286,3,square,1
1,2.897026524,29,3, 15.25 ,green,2.138967165,0,triangle,2
0,2.898023662,34,3, 14.45 ,green,4.923925069,1,triangle,0
1,2.384110101,23,1, 113.28 ,green,2.059781067,1,triangle,0
1,2.108590214,39,1, 110.88 ,green,2.859146913,1,triangle,1
1,2.138796186,24,2, 14.50 ,green,0.708034419,0,round,2
0,2.604259164,34,1, 52.00 ,blue,6.610715098,0,round,0
1,2.02766447,34,3, 7.75 ,green,11.94499658,0,square,0
0,2.827230859,34,2, -   ,blue,2.203319591,0,round,0
0,2.088079029,26,3, 8.05 ,blue,7.793872869,0,square,0
0,2.043455464,32,3, 7.93 ,blue,11.70205445,0,round,0
0,2.047708446,21,3, 34.38 ,green,4.835661193,2,square,2
1,2.001302619,34,3, 7.79 ,green,6.046396958,0,round,0
1,2.910112475,22,3, 7.25 ,green,0.349144534,0,round,0
0,2.218137578,19,1, 263.00 ,blue,7.394370812,3,round,2
0,2.032403265,22,3, 7.13 ,blue,7.789904158,0,square,0
0,2.744186419,51,3, 7.75 ,blue,1.38805138,0,round,0
0,2.060621752,42,2, 27.00 ,blue,2.345950278,1,round,0
1,2.004834121,40,2, 15.75 ,green,5.050542994,0,triangle,0
1,2.051664037,16,1, 86.50 ,green,6.381218267,0,square,0
1,2.004337624,18,1, 262.38 ,green,10.61159901,2,round,2
1,2.028610561,29,3, 7.75 ,blue,3.247020017,0,square,0
0,2.193564728,47,1, 38.50 ,blue,8.069821992,0,square,0
1,2.316951983,54,1, 78.27 ,green,3.175510467,1,triangle,0
1,2.49392144,26,3, 7.93 ,green,6.129769092,0,square,0
1,2.927947864,30,2, 12.35 ,green,1.722317221,0,triangle,0
1,2.018543428,23,1, 63.36 ,blue,1.826347789,0,triangle,1
0,2.016496,45,3, 6.98 ,blue,5.841097013,0,square,0
0,2.172618726,47,3, 7.25 ,blue,11.7645981,0,triangle,0
1,2.079704179,3,2, 18.75 ,blue,11.64527019,1,triangle,1
0,2.682706821,28,1, 82.17 ,blue,7.36818477,1,square,0
1,2.431799639,34,1, 110.88 ,green,3.798145098,0,round,0
1,2.068039006,29,3, 9.50 ,blue,4.211059272,0,triangle,0
0,2.536646257,9,3, 31.39 ,blue,2.293362618,4,round,2
0,2.003145401,42,3, 8.40 ,blue,8.07897181,0,round,1
0,2.58699115,34,3, 7.25 ,blue,7.993470399,0,triangle,0
0,2.879458327,34,2, 15.05 ,blue,6.537291906,0,square,0
0,2.010508716,50,3, 8.05 ,blue,8.49836696,0,triangle,0
0,2.089791331,37,1, 29.70 ,blue,9.589930047,0,triangle,1
1,2.229692694,34,2, 13.00 ,green,6.899509015,0,round,0
0,2.991727186,30,2, 24.00 ,blue,2.461189177,1,round,0
0,2.011440989,37,3, 9.59 ,green,9.407135285,0,square,0
0,2.001923136,26,3, 20.58 ,blue,2.625789143,1,square,2
1,2.033132701,0.83,2, 29.00 ,blue,4.838302649,0,square,2
1,2.000020485,32,3, 7.85 ,blue,1.607717562,0,triangle,0
0,2.121390392,34,3, 15.25 ,green,8.160648134,0,round,2
1,2.47486356,0.92,1, 151.55 ,blue,6.025355876,1,square,2
0,2.160948378,36,3, -   ,blue,1.153284072,0,round,0
1,2.544009378,17,2, 10.50 ,green,7.479082906,0,round,0
0,2.046452651,34,3, 8.71 ,blue,1.018271704,0,round,0
0,2.024552004,24,3, 7.05 ,blue,9.056616863,0,round,0
1,2.33983441,49,1, 76.73 ,green,5.683465974,1,square,0
1,2.025253448,34,3, 16.10 ,green,3.917630837,1,triangle,0
0,2.000053088,19,3, 7.90 ,blue,7.834420874,0,triangle,0
1,2.524350422,37,1, 52.55 ,blue,7.631648516,1,triangle,1
1,2.000020881,18,2, 13.00 ,green,4.094313747,0,triangle,2
1,2.20124453,3,3, 31.39 ,blue,7.804786374,4,square,2
1,2.462945547,13,2, 19.50 ,green,0.169992064,0,triangle,1
0,2.009470028,7,3, 39.69 ,blue,3.530494615,4,round,1
0,2.014701543,34,3, 7.23 ,blue,10.77246916,0,triangle,0
0,2.005424261,8,3, 21.08 ,green,10.5615273,3,square,1
1,2.000003215,30,1, 93.50 ,green,8.347105249,0,triangle,0
0,2.133348924,25,3, 7.78 ,blue,10.49030124,1,square,0
1,2.235914999,3,2, 26.00 ,blue,7.806807121,1,triangle,1
0,2.68855411,34,3, 69.55 ,blue,9.113667159,8,round,2
0,2.031971287,34,3, 7.75 ,blue,0.688876238,0,round,0
0,2.116803017,34,3, 14.46 ,blue,4.261029598,0,round,0
0,2.030303723,65,3, 7.75 ,blue,10.62292014,0,triangle,0
0,2.047764879,29,2, 10.50 ,blue,4.140044151,0,triangle,0
0,2.444729161,29,3, 7.78 ,blue,5.370868753,0,square,0
0,2.003468098,1,3, 39.69 ,blue,5.10128204,4,triangle,1
1,2.015992152,25,1, 91.08 ,blue,2.369651993,1,triangle,0
0,2.087476412,34,3, 7.90 ,blue,0.79743386,0,triangle,0
0,2.1317639,35,3, 8.05 ,blue,6.603718863,0,round,0
0,2.00002309,20,3, 4.01 ,blue,11.8730052,0,triangle,0
0,2.009046749,34,3, 7.31 ,blue,3.437457804,0,round,0
1,2.136679481,34,2, 13.00 ,blue,6.842655807,0,square,0
1,2.14420759,17,3, 7.93 ,green,9.871116839,4,triangle,2
0,2.453280514,44,3, 16.10 ,blue,9.667742973,0,triangle,1
0,2.218704877,45.5,1, 28.50 ,blue,8.086064341,0,triangle,0
0,2.000722445,58,1, 29.70 ,blue,6.245988964,0,round,0
1,2.000304186,32,3, 8.05 ,blue,1.269944609,0,square,0
0,2.262294693,62,1, 26.55 ,blue,4.115704959,0,square,0
0,2.000011136,34,3, 8.05 ,blue,0.852776487,0,square,0
0,2.016723795,55,1, 30.50 ,blue,8.934532829,0,round,0
1,2.653580169,33,1, 90.00 ,green,5.963948693,1,round,0
1,2.000711363,45,2, 26.25 ,green,6.137801932,1,square,1
1,2.566177093,29,3, 7.90 ,blue,4.985829998,0,square,0
1,2.801188313,33,3, 15.85 ,green,9.940091235,3,round,0
0,2.000010158,34,3, 6.50 ,blue,10.75169375,0,square,0
0,2.367718814,34,3, 7.90 ,blue,9.26494747,0,triangle,0
0,2.493476101,34,2, 26.00 ,blue,5.342661724,1,triangle,0
1,2.000010052,9,3, 20.53 ,blue,11.80627974,0,square,2
0,2.023803656,17,3, 8.66 ,blue,6.186272621,0,round,0
0,2.464087818,19,3, 6.75 ,blue,11.9138923,0,triangle,0
0,2.17045012,21,1, 77.29 ,blue,7.496870741,0,square,1
0,2.349944015,30,3, 16.10 ,blue,4.061868388,1,round,0
0,2.025860697,54,1, 51.86 ,blue,2.193838564,0,triangle,0
1,2.207177364,24,1, 263.00 ,green,8.96039219,3,round,2
1,2.751431519,34,3, 24.15 ,green,5.278965097,1,square,0
1,2.000190895,21,3, 7.80 ,blue,3.691378321,0,triangle,0
1,2.041262599,12,3, 11.24 ,blue,1.811276933,1,round,0
1,2.76185907,34,3, 15.25 ,blue,6.346254586,1,square,1
0,2.496758909,34,3, 8.05 ,blue,9.045682766,0,square,0
0,2.639829022,30,3, 7.23 ,blue,3.234650029,0,square,0
0,2.000406369,36,2, 10.50 ,blue,10.64444561,0,triangle,0
1,2.270640414,34,3, 7.23 ,green,9.608122785,0,round,0
0,2.536551064,71,1, 49.50 ,blue,4.330581096,0,square,0
0,2.6256203,40.5,3, 7.75 ,blue,11.7078698,0,triangle,0
0,2.00870981,20,3, 8.66 ,green,11.32598149,0,square,0
0,2.282319437,42,2, 13.00 ,blue,5.141934188,0,triangle,0
0,2.403927435,34,3, 19.97 ,blue,2.825512186,1,triangle,0
1,2.139690829,34,3, 7.75 ,green,8.766555497,0,square,0
0,2.32030646,27,3, 7.90 ,blue,3.520699941,0,round,0
1,2.040052433,40,2, 13.00 ,green,8.271598305,0,square,0
0,2.62423211,38,2, 13.00 ,green,6.69895485,0,square,0
0,2.194363518,25,2, 13.00 ,blue,2.765407074,0,triangle,0
1,2.504809564,30,3, 9.50 ,blue,11.83053473,0,square,0
1,2.402252992,34,3, 7.88 ,green,1.230338895,0,square,0
1,2.221231727,36,2, 26.00 ,green,4.233387823,1,square,0
0,2.070369997,24,3, 7.80 ,blue,11.56344958,0,square,0
0,2.070680498,33,3, 7.90 ,blue,9.538636557,0,square,0
1,2.426275163,25,3, -   ,blue,1.05679246,0,triangle,0
1,2.290458952,31,1, 113.28 ,green,6.580573464,1,square,0
0,2.061320717,34,3, 7.75 ,blue,2.340641161,0,triangle,0
0,2.747271189,26,3, 7.78 ,blue,6.787206134,0,triangle,0
0,2.62957049,23,2, 10.50 ,blue,6.057460461,0,square,0
1,2.273907288,34,1, 146.52 ,green,8.306703306,1,round,0
0,2.180248172,2,1, 151.55 ,green,2.584884599,1,square,2
1,2.292727794,34,1, 30.50 ,blue,10.48115312,0,square,0
0,2.011101673,30,3, 8.05 ,blue,6.618807086,0,triangle,0
1,2.837741906,24,1, 69.30 ,green,0.773610301,0,square,0
1,2.011360401,45,1, 26.55 ,blue,4.297679359,0,square,0
1,2.567268855,24,3, 16.70 ,green,0.130587388,0,round,2
1,2.019941884,34,3, 7.23 ,green,9.320637741,0,round,0
1,2.051913459,36,1, 26.29 ,blue,6.601694012,0,square,0
0,2.014331713,40,3, 9.48 ,green,1.397780786,1,square,0
0,2.233037468,21,3, 7.73 ,blue,3.411761343,0,square,0
0,2.023075854,24,3, 7.50 ,blue,10.96313134,0,triangle,0
1,2.007371511,24,3, 15.85 ,green,2.041037065,1,round,0
0,2.312929891,18,3, 17.80 ,green,2.138585592,1,round,0
0,2.792019732,50,1, 106.43 ,blue,2.90773366,1,triangle,0
0,2.138824456,27,2, 21.00 ,green,6.992759311,1,round,0
0,2.000003956,16,3, 9.50 ,blue,3.653966154,0,round,0
0,2.013017549,21,3, 9.83 ,green,10.04183841,1,triangle,0
0,2.1269834,34,3, 14.50 ,blue,2.139382322,0,square,0
0,2.004677589,64,1, 263.00 ,blue,6.624482076,1,round,4
1,2.000599291,2,3, 12.29 ,green,0.118105412,0,round,1
0,2.457570039,45,3, 14.45 ,green,7.331340344,0,square,1
0,2.844852153,28,3, 9.50 ,blue,1.919157038,0,round,0
0,2.593927581,34,3, 69.55 ,blue,9.905528866,8,round,2
1,2.023009278,34,2, 23.00 ,green,9.360136635,0,round,1
0,2.998510211,21,3, 8.05 ,blue,0.396331274,0,triangle,0
1,2.791832397,4,1, 81.86 ,blue,7.864521085,0,round,2
1,2.103803883,63,3, 9.59 ,green,3.221021466,0,square,0
0,2.031729853,40.5,3, 14.50 ,blue,5.862905319,0,triangle,2
1,2.357118471,4,3, 22.03 ,green,7.707704639,0,round,2
0,2.147685946,17,3, 8.66 ,blue,6.647474012,0,square,0
0,2.395463512,17,3, 14.46 ,green,7.8487853,0,triangle,0
0,2.00122743,47,2, 15.00 ,blue,0.511646666,0,triangle,0
0,2.399578343,45,1, 83.48 ,blue,4.782118187,1,square,0
1,2.077769114,35,1, 83.48 ,green,9.132658529,1,triangle,0
0,2.447609843,59,2, 13.50 ,blue,8.127077518,0,triangle,0
1,2.006090338,29,2, 26.00 ,green,1.376106918,1,triangle,0
1,2.011193528,34,1, 79.20 ,green,7.949519444,0,triangle,0
0,2.011302646,45,3, 27.90 ,green,8.690465829,1,triangle,4
0,2.194225743,20,3, 9.50 ,blue,0.936135821,0,round,0
0,2.350864019,61,1, 33.50 ,blue,4.909880145,0,triangle,0
1,2.362902605,18,1, 79.65 ,green,2.661784165,0,round,2
1,2.642863367,34,3, 7.88 ,green,9.452214564,0,round,0
0,2.817147162,34,3, 7.23 ,blue,11.52297901,0,triangle,0
1,2.260169158,32,3, 56.50 ,blue,11.1397918,0,triangle,0
1,2.322531169,34,3, 8.11 ,blue,1.572356279,0,square,0
1,2.125994438,58,1, 146.52 ,green,1.864028696,0,square,0
1,2.000234686,35,1, 90.00 ,green,0.162444682,1,round,0
0,2.012900218,22,3, 7.25 ,blue,7.895567064,1,square,0
0,2.124548324,21,3, 7.93 ,blue,5.305890097,0,round,0
0,2.00136703,34,3, 7.90 ,blue,4.495582636,0,round,0
0,2.51791227,22,3, 7.25 ,blue,7.400053838,0,square,0
1,2.330170475,53,1, 51.48 ,green,1.816029664,2,square,0
0,2.001054627,28,1, 47.10 ,blue,1.441690996,0,square,0
1,2.08915091,21,2, 10.50 ,green,11.49487274,0,square,0
0,2.079222516,34,3, 7.23 ,blue,2.160031697,0,square,0
0,2.602602071,40,1, 27.72 ,blue,5.908968612,0,triangle,0
0,2.000000445,31,3, 7.85 ,green,0.513005489,0,square,0
1,2.699500055,17,2, 12.00 ,green,0.046000679,0,round,0
0,2.627447565,10,3, 24.15 ,green,1.508108019,0,round,2
0,2.245701704,47,1, 52.00 ,blue,2.003087164,0,triangle,0
0,2.137651286,34,3, 7.23 ,blue,6.098247266,0,round,0
0,2.348079119,70.5,3, 7.75 ,blue,10.16119121,0,round,0
0,2.390853089,54,2, 26.00 ,blue,4.642237712,1,round,0
0,2.304883984,22,3, 7.23 ,blue,4.45043234,0,square,0
0,2.039631943,18,2, 11.50 ,blue,1.092100835,0,round,0
0,2.791421306,30,2, 10.50 ,blue,3.231399358,0,square,0
1,2.006967599,34,2, 13.00 ,blue,11.77396783,0,round,0
0,2.180957538,22,3, 7.90 ,blue,7.069840891,0,triangle,0
0,2.216517057,34,1, 25.93 ,blue,7.827043778,0,round,0
0,2.072113655,34,3, 7.75 ,green,2.608740121,0,square,2
0,2.249457361,21,2, 73.50 ,blue,9.013401755,2,square,0
1,2.943551275,30,3, 12.48 ,green,8.627205462,0,triangle,0
1,2.119818397,50,1, 247.52 ,green,1.392381698,0,square,1
0,2.578082212,34,3, 15.10 ,blue,2.658467562,0,square,0
0,2.000091159,62,1, 26.55 ,blue,1.670013775,0,round,0
0,2.001526494,2,3, 21.08 ,blue,2.147722804,3,triangle,1
0,2.0073235,17,3, 7.23 ,blue,4.972195362,1,square,1
0,2.000475755,34,1, 26.00 ,blue,9.21672114,0,square,0
1,2.00002553,5,3, 19.26 ,green,2.209048719,2,square,1
0,2.6787022,38,1, 153.46 ,blue,10.56823418,0,square,1
1,2.781906789,7,2, 26.25 ,green,0.792392194,0,square,2
1,2.203601,38,3, 31.39 ,green,2.785491098,1,square,5
1,2.001992367,32,2, 26.00 ,blue,1.304602858,1,round,0
1,2.016680424,19,3, 7.88 ,green,2.737012293,0,triangle,0
0,2.969349637,34,3, 7.23 ,blue,2.409952599,0,round,0
1,2.132698248,35,1, 512.33 ,green,3.705481476,0,round,0
0,2.733121481,36,2, 27.75 ,blue,9.713891141,1,square,2
1,2.000674126,40,1, 31.00 ,blue,10.20796403,0,square,0
0,2.98976136,34,3, 14.46 ,green,7.946945635,1,square,0
0,2.055369087,24,1, 247.52 ,blue,10.91239372,0,triangle,1
0,2.009261925,51,2, 12.53 ,blue,6.356660462,0,square,0
1,2.037423374,19,3, 8.05 ,blue,9.993659937,0,triangle,0
0,2.039423805,24,3, 24.15 ,blue,3.372399943,2,square,0
0,2.86425992,28,3, 7.93 ,blue,8.152709165,2,square,0
0,2.001668116,30,2, 13.00 ,blue,3.061416963,0,triangle,0
0,2.000002615,40,3, 7.90 ,blue,10.95685379,0,square,0
1,2.018475435,34,2, 12.35 ,green,5.263558046,0,round,0
0,2.722040667,26,2, 26.00 ,green,5.721860039,1,triangle,1
1,2.016405259,5,2, 27.75 ,green,9.996468516,1,square,2
1,2.917529828,2,2, 26.00 ,green,3.270580387,1,square,1
1,2.105669539,34,3, 7.88 ,green,7.593003976,0,round,0
0,2.071691006,29,2, 21.00 ,blue,7.719886476,1,round,0
0,2.00885664,34,3, 25.47 ,green,3.11099423,3,square,1
0,2.13272734,19,3, 7.78 ,blue,1.462616683,0,square,0
1,2.192096858,16,3, 7.75 ,green,6.629440779,0,triangle,0
0,2.000021172,20,3, 8.05 ,blue,1.572280795,0,square,0
1,2.734084911,34,1, 55.00 ,green,7.090612897,0,round,1
0,2.099950492,34,3, 7.25 ,blue,5.127892179,0,square,0
0,2.019501412,26,3, 14.45 ,blue,10.90771155,1,round,0
0,2.443536501,32,2, 10.50 ,blue,2.074546593,0,square,0
0,2.010086342,22,3, 7.52 ,blue,9.4062178,0,square,0
1,2.485422557,29,2, 26.00 ,green,4.217519668,1,triangle,0
0,2.109484476,29,3, 8.05 ,blue,2.383590873,0,triangle,0
0,2.785540304,4,3, 27.90 ,blue,10.19681508,3,round,2
1,2.026293477,24,3, 7.14 ,blue,7.038575204,0,triangle,0
0,2.004161939,34,3, 8.05 ,blue,4.946135088,0,square,0
1,2.306778282,24,2, 13.00 ,green,11.07024228,0,square,0
0,2.902604741,71,1, 34.65 ,blue,6.824440822,0,square,0
0,2.254280648,34,3, 8.05 ,blue,3.582286121,0,square,0
0,2.366359034,23,2, 11.50 ,blue,10.74378998,2,round,1
0,2.150475302,34,1, 31.00 ,blue,2.335302436,0,round,0
1,2.000915317,22,2, 29.00 ,green,2.306013116,1,square,1
1,2.125432953,34,1, 133.65 ,green,7.441425643,1,square,0
0,2.816217734,34,1, 27.72 ,blue,7.710993327,0,square,0
1,2.163659563,36,2, 13.00 ,green,10.44572854,0,triangle,0
0,2.041858449,25,1, 151.55 ,green,4.900459965,1,round,2
0,2.003181248,3,3, 21.08 ,green,3.737584091,3,triangle,1
1,2.362908088,23,2, 13.79 ,green,4.164856827,0,round,0
0,2.048715018,42,1, 52.00 ,blue,6.220953369,1,round,0
1,2.005694935,49,1, 89.10 ,blue,11.13387696,1,triangle,0
0,2.005031057,36,2, 12.88 ,blue,2.888547858,0,triangle,0
0,2.298897274,20.5,3, 7.25 ,blue,10.02363876,0,square,0
0,2.073986444,48,2, 13.00 ,blue,1.517292164,0,round,0
1,2.031092348,35,1, 53.10 ,green,5.460619701,1,square,0
1,2.890359098,34,3, 23.25 ,green,1.84123483,2,square,0
1,2.454073172,41,1, 134.50 ,green,3.299431688,0,square,0
0,2.27831246,52,1, 79.65 ,blue,5.152422831,1,square,1
0,2.254104546,56,1, 26.55 ,blue,8.059104644,0,triangle,0
0,2.001337079,35,3, 7.05 ,blue,9.094688645,0,square,0
1,2.963929562,28,2, 12.65 ,green,8.142150453,0,triangle,0
0,2.738749822,21,3, 7.80 ,blue,6.817161449,0,triangle,0
1,2.259700045,23,1, 263.00 ,green,3.372563343,3,round,2
0,2.016268861,32.5,2, 30.07 ,blue,10.78631241,1,round,0
1,2.075801996,55,2, 16.00 ,green,11.63448293,0,square,0
0,2.463319221,32,3, 15.85 ,blue,4.340701641,1,square,0
0,2.628425169,34,3, 7.63 ,green,11.92162029,0,round,0
1,2.653253802,39,1, 55.90 ,green,5.459496572,1,round,0
1,2.954907606,58,1, 26.55 ,green,9.985872787,0,triangle,0
1,2.048834416,34,2, 13.86 ,blue,6.573675168,0,round,0
0,2.034529076,9,3, 34.38 ,green,7.413420313,2,round,2
0,2.002600602,23,3, 9.23 ,blue,8.929097456,0,triangle,0
0,2.03670484,34,3, 15.50 ,blue,10.48616507,1,triangle,0
0,2.491432848,29,1, 66.60 ,blue,10.26970012,1,triangle,0
0,2.346259576,30,3, 7.25 ,blue,5.855504112,0,square,0
0,2.003770004,37,1, 53.10 ,blue,6.235086117,1,square,0
0,2.002749529,28,3, 15.85 ,blue,8.123881733,1,square,0
0,2.61855097,30,1, 27.75 ,blue,2.909947644,0,round,0
1,2.003903296,32.5,2, 13.00 ,green,9.529086695,0,round,0
0,2.02530002,64,1, 26.00 ,blue,11.6678729,0,round,0
1,2.01309047,44,1, 57.98 ,green,11.23263215,0,round,1
1,2.99776568,27,3, 11.13 ,green,3.822003374,0,round,2
1,2.660726215,34,3, 16.10 ,green,11.73792919,1,round,0
0,2.167601566,34,1, 227.53 ,blue,2.611650679,0,square,0
1,2.705200856,3,3, 15.90 ,blue,11.23158818,1,square,1
1,2.001892785,49,1, 56.93 ,blue,7.101068171,1,square,0
1,2.017533747,16,1, 57.98 ,green,0.154053448,0,round,1
1,2.907868182,25,3, 7.78 ,blue,1.872220091,1,round,0
0,2.314480715,30,3, 8.66 ,green,5.97977484,0,square,0
0,2.259445014,18,2, 13.00 ,blue,3.135584567,0,round,0
0,2.024894566,24,3, 8.85 ,green,11.04602813,0,round,0
1,2.146182703,35,3, 20.25 ,green,11.6109478,1,square,1
1,2.088233433,22,3, 7.23 ,blue,9.787008422,0,square,0
0,2.001520769,51,1, 61.38 ,blue,7.440389452,0,round,1
1,2.002079607,38,1, 80.00 ,green,7.806748305,0,square,0
0,2.563513593,34,3, 19.97 ,blue,1.54817821,1,round,0
0,2.429970517,25,3, 17.80 ,blue,6.021337496,1,square,0
0,2.807352602,46,2, 26.00 ,blue,3.745538304,0,triangle,0
1,2.00005437,31,3, 20.53 ,green,11.14954138,1,round,1
1,2.029014321,22,1, 49.50 ,green,2.834813942,0,round,2
0,2.027195349,29,3, 7.05 ,blue,10.29345251,1,round,0
1,2.707105342,34,3, 7.75 ,green,3.379654925,0,square,0
1,2.01735566,34,2, 32.50 ,green,0.295415418,1,square,1
1,2.147291969,52,1, 78.27 ,green,8.301930513,1,square,0
0,2.3230303,34,3, 7.73 ,blue,4.88704133,0,square,0
0,2.437461656,54,2, 26.00 ,blue,10.10332953,0,square,0
1,2.368319177,34,1, 26.55 ,blue,6.266590618,0,square,0
0,2.000223347,34,3, 8.05 ,blue,5.004858688,0,square,0
0,2.442400166,1,3, 46.90 ,blue,6.661051558,5,round,2
1,2.470322422,24,2, 18.75 ,green,11.3202565,2,square,3
0,2.095860862,16,3, 46.90 ,green,8.958221919,5,triangle,2
0,2.000032117,34,3, 8.66 ,blue,0.576283232,0,square,0
0,2.00517001,34,3, 8.05 ,blue,2.676169217,0,triangle,0
0,2.225945937,24,3, 7.90 ,blue,0.466015728,0,square,0
0,2.011214683,29,3, 10.46 ,green,8.361138516,1,square,1
